/* GRUPO 1
202307300349 / Kaio Soares Alves
202302532888 / Arthur Camaz Pinto
202402851756 / Arthur Peixoto Schiller
202307539783/ Maria Claudia Freitas
*/

CREATE SCHEMA grupo001;

USE grupo001;

-- Criando tabelas

-- Criação de tabela cliente
CREATE TABLE cliente (
	coddcliente int primary key,
	nome varchar(30),
	cidade varchar(30),
	estado varchar(30),
	genero char(1),
	dt_nascimento date,
	estadocivil varchar(15),
    CONSTRAINT chk_genero_cl CHECK (genero IN ('M', 'F')),
    CONSTRAINT chk_estado_cl CHECK (estado IN (
        'Acre', 'Alagoas', 'Amapá', 'Amazonas', 'Bahia', 'Ceará', 'Distrito Federal', 'Espírito Santo', 
        'Goiás', 'Maranhão', 'Mato Grosso', 'Mato Grosso do Sul', 'Minas Gerais', 'Pará', 'Paraíba', 
        'Paraná', 'Pernambuco', 'Piauí', 'Rio de Janeiro', 'Rio Grande do Norte', 'Rio Grande do Sul', 
        'Rondônia', 'Roraima', 'Santa Catarina', 'São Paulo', 'Sergipe', 'Tocantins')
    )
);

-- Populando a tabela de cliente
INSERT INTO cliente (coddcliente, nome, cidade, estado, genero, dt_nascimento, estadocivil) VALUES 
(1, 'João Silva', 'São Paulo', 'São Paulo', 'M', '1990-01-01', 'Solteiro'),
(2, 'Maria Souza', 'Rio de Janeiro', 'Rio de Janeiro', 'F', '1985-05-12', 'Casado'),
(3, 'Pedro Santos', 'Belo Horizonte', 'Minas Gerais', 'M', '1978-08-30', 'Solteiro'),
(4, 'Ana Pereira', 'Curitiba', 'Paraná', 'F', '1992-03-22', 'Casado'),
(5, 'Carlos Oliveira', 'Porto Alegre', 'Rio Grande do Sul', 'M', '1989-12-10', 'Viuvo'),
(6, 'Beatriz Gomes', 'Salvador', 'Bahia', 'F', '1995-07-07', 'Solteiro'),
(7, 'Renato Almeida', 'Fortaleza', 'Ceará', 'M', '1982-11-25', 'Casado'),
(8, 'Clara Lima', 'Manaus', 'Amazonas', 'F', '1993-02-14', 'Solteiro'),
(9, 'Felipe Araújo', 'Brasília', 'Distrito Federal', 'M', '1987-06-18', 'Casado'),
(10, 'Juliana Ferreira', 'Recife', 'Pernambuco', 'F', '1980-10-05', 'Solteiro'),
(11, 'Marcos Rocha', 'Florianópolis', 'Santa Catarina', 'M', '1991-04-15', 'Solteiro'),
(12, 'Luciana Martins', 'Belém', 'Pará', 'F', '1983-09-09', 'Casado'),
(13, 'Gabriel Costa', 'São Luís', 'Maranhão', 'M', '1994-01-27', 'Solteiro'),
(14, 'Paula Carvalho', 'Natal', 'Rio Grande do Norte', 'F', '1990-03-03', 'Casado'),
(15, 'Rafael Ribeiro', 'Teresina', 'Piauí', 'M', '1986-05-20', 'Solteiro'),
(16, 'Fernanda Batista', 'João Pessoa', 'Paraíba', 'F', '1988-07-30', 'Casado'),
(17, 'Gustavo Mendes', 'Maceió', 'Alagoas', 'M', '1979-11-17', 'Solteiro'),
(18, 'Tatiana Barbosa', 'Aracaju', 'Sergipe', 'F', '1992-04-25', 'Solteiro'),
(19, 'André Castro', 'Campo Grande', 'Mato Grosso do Sul', 'M', '1984-06-29', 'Casado'),
(20, 'Camila Costa', 'Cuiabá', 'Mato Grosso', 'F', '1995-08-23', 'Solteiro'),
(21, 'Thiago Teixeira', 'Goiânia', 'Goiás', 'M', '1989-10-13', 'Solteiro'),
(22, 'Rosa Almeida', 'Palmas', 'Tocantins', 'F', '1985-12-22', 'Casado'),
(23, 'Rodrigo Souza', 'Boa Vista', 'Roraima', 'M', '1990-04-04', 'Solteiro'),
(24, 'Larissa Santos', 'Macapá', 'Amapá', 'F', '1983-07-12', 'Solteiro'),
(25, 'Lucas Nascimento', 'Porto Velho', 'Rondônia', 'M', '1978-09-15', 'Casado'),
(26, 'Débora Oliveira', 'Rio Branco', 'Acre', 'F', '1993-05-06', 'Solteiro'),
(27, 'Vitor Barros', 'Vitória', 'Espírito Santo', 'M', '1987-11-21', 'Solteiro'),
(28, 'Simone Ferreira', 'São José', 'Santa Catarina', 'F', '1982-02-02', 'Casado'),
(29, 'Daniel Moreira', 'Santos', 'São Paulo', 'M', '1991-09-11', 'Solteiro'),
(30, 'Adriana Cardoso', 'Ribeirão Preto', 'São Paulo', 'F', '1994-06-07', 'Solteiro');




-- Criação de tabela funcionario
CREATE TABLE funcionario(
	cod_funcionario int primary key,
	nome varchar(30),
	genero char(1),
	dt_nascimento date,
	estadocivil char(15),
	cidade varchar(30),
	estado varchar(30),
	cargo varchar(30),
    CONSTRAINT chk_estadocivil_func CHECK (estadocivil IN ('Solteiro', 'Casado', 'Divorciado', 'Viuvo')),
    CONSTRAINT chk_genero_func CHECK (genero IN ('M', 'F')),  -- Apenas 'M' ou 'F' são permitidos
	CONSTRAINT chk_estado_func CHECK (estado IN (
        'Acre', 'Alagoas', 'Amapá', 'Amazonas', 'Bahia', 'Ceará', 'Distrito Federal', 'Espírito Santo', 
        'Goiás', 'Maranhão', 'Mato Grosso', 'Mato Grosso do Sul', 'Minas Gerais', 'Pará', 'Paraíba', 
        'Paraná', 'Pernambuco', 'Piauí', 'Rio de Janeiro', 'Rio Grande do Norte', 'Rio Grande do Sul', 
        'Rondônia', 'Roraima', 'Santa Catarina', 'São Paulo', 'Sergipe', 'Tocantins')
    )
);

-- Populando a tabela de funcionario
INSERT INTO funcionario (cod_funcionario, nome, genero, dt_nascimento, estadocivil, cidade, estado, cargo) VALUES 
(1, 'Odelle', 'F', '1980-12-09', 'Divorciado', 'Belo Horizonte', 'Minas Gerais', 'Automation Specialist II'),
(2, 'Annaliese', 'F', '1985-08-31', 'Casado', 'Fortaleza', 'Ceará', 'Social Worker'),
(3, 'Tana', 'F', '1978-02-28', 'Viuvo', 'Rio de Janeiro', 'Rio de Janeiro', 'Occupational Therapist'),
(4, 'Bron', 'M', '1975-08-24', 'Viuvo', 'Porto Velho', 'Rondônia', 'Account Coordinator'),
(5, 'Jenine', 'F', '1983-07-30', 'Divorciado', 'Vitória', 'Espírito Santo', 'Occupational Therapist'),
(6, 'Elisa', 'F', '1974-09-14', 'Divorciado', 'Boa Vista', 'Roraima', 'Recruiting Manager'),
(7, 'Issie', 'F', '1987-01-18', 'Viuvo', 'Macapá', 'Amapá', 'Assistant Manager'),
(8, 'Davidson', 'M', '1976-05-29', 'Viuvo', 'Uberlândia', 'Minas Gerais', 'Human Resources Assistant I'),
(9, 'Della', 'F', '1982-01-05', 'Divorciado', 'Vila Velha', 'Espírito Santo', 'Senior Cost Accountant'),
(10, 'Gilbertine', 'F', '1981-04-15', 'Divorciado', 'Ji-Paraná', 'Rondônia', 'Developer I'),
(11, 'Deirdre', 'F', '1985-06-10', 'Viuvo', 'Macapá', 'Amapá', 'Physical Therapy Assistant'),
(12, 'Harvey', 'M', '1980-01-12', 'Divorciado', 'São Paulo', 'São Paulo', 'Staff Scientist'),
(13, 'Haley', 'M', '1987-02-04', 'Casado', 'Recife', 'Pernambuco', 'Editor'),
(14, 'Carmine', 'M', '1979-08-13', 'Solteiro', 'Teresina', 'Piauí', 'Marketing Manager'),
(15, 'Bevvy', 'F', '1984-11-13', 'Casado', 'Palmas', 'Tocantins', 'Recruiter'),
(16, 'Ricki', 'F', '1986-03-21', 'Casado', 'Belém', 'Pará', 'Help Desk Technician'),
(17, 'Michell', 'F', '1978-04-04', 'Casado', 'São Luís', 'Maranhão', 'Senior Editor'),
(18, 'Justino', 'M', '1981-11-23', 'Viuvo', 'Montes Claros', 'Minas Gerais', 'Environmental Specialist'),
(19, 'Clerc', 'M', '1983-09-18', 'Solteiro', 'Porto Alegre', 'Rio Grande do Sul', 'Cost Accountant'),
(20, 'Ruprecht', 'M', '1985-06-21', 'Solteiro', 'Salvador', 'Bahia', 'Senior Financial Analyst'),
(21, 'Tammy', 'M', '1982-11-26', 'Divorciado', 'Belém', 'Pará', 'Associate Professor'),
(22, 'Reese', 'M', '1988-08-06', 'Solteiro', 'Maceió', 'Alagoas', 'Structural Engineer'),
(23, 'Farrel', 'M', '1974-06-06', 'Casado', 'Porto Alegre', 'Rio Grande do Sul', 'Desktop Support Technician'),
(24, 'Terry', 'F', '1978-03-01', 'Viuvo', 'Belém', 'Pará', 'Analyst Programmer'),
(25, 'Tally', 'F', '1980-12-29', 'Viuvo', 'Porto Velho', 'Rondônia', 'Administrative Officer'),
(26, 'Justis', 'M', '1985-01-14', 'Casado', 'Porto Velho', 'Rondônia', 'Web Developer IV'),
(27, 'Darcie', 'F', '1986-07-13', 'Solteiro', 'São Luís', 'Maranhão', 'Librarian'),
(28, 'Killie', 'M', '1983-03-12', 'Divorciado', 'Campo Grande', 'Mato Grosso do Sul', 'Senior Cost Accountant'),
(29, 'Hugo', 'M', '1977-03-01', 'Viuvo', 'Manaus', 'Amazonas', 'Data Coordinator'),
(30, 'Debora', 'F', '1982-02-28', 'Divorciado', 'Brasília', 'Distrito Federal', 'GIS Technical Architect');



-- Criação de tabela fabricante
CREATE TABLE fabricante(
	cod_fabricante int primary key,
	nome varchar(30),
	site varchar(20),
	email varchar(30) UNIQUE
);

-- Populando a tabela de fabricante
INSERT INTO fabricante (cod_fabricante, nome, site, email) VALUES 
(1, 'Joaquin', 'cbc.ca', 'jmalser0@istockphoto.com'),
(2, 'Kizzee', 'ucsd.edu', 'kchaimson1@pagesperso.fr'),
(3, 'Melony', 'archive.org', 'mpettet2@nbcnews.com'),
(4, 'Buffy', 'cargocollective.com', 'bmille3@dell.com'),
(5, 'Kelsi', 'ftc.gov', 'kterrett4@about.me'),
(6, 'Jarrett', 'bravesites.com', 'jbescoby5@oaic.gov.au'),
(7, 'Dalli', '360.cn', 'dwinters6@seesaa.net'),
(8, 'Rosette', 'pinterest.com', 'rcowans7@meetup.com'),
(9, 'Niccolo', 'berkeley.edu', 'npammenter8@fotki.com'),
(10, 'Abeu', 'whitehouse.gov', 'avannah9@i2i.jp'),
(11, 'Delilah', 'oakley.com', 'dblewa@apache.org'),
(12, 'Joya', 'canalblog.com', 'jespinasb@cafepress.com'),
(13, 'Berget', 'pinterest.com', 'btommeoc@quantcast.com'),
(14, 'Zorine', 'ox.ac.uk', 'zroadnightd@amazon.de'),
(15, 'Cherri', 'google.de', 'cronaldsone@tinypic.com'),
(16, 'Wynn', 'ted.com', 'wcastelotf@xinhuanet.com'),
(17, 'Etheline', 'bing.com', 'ecobbyg@opera.com'),
(18, 'Nell', 'infoseek.co.jp', 'nbetserh@nsw.gov.au'),
(19, 'Min', 'free.fr', 'mindgei@friendfeed.com'),
(20, 'Danya', 'umich.edu', 'dantragj@slate.com'),
(21, 'Belita', 'seesaa.net', 'bcrucettik@example.com'),
(22, 'Elfrieda', 'bluehost.com', 'eerrichil@house.gov'),
(23, 'Adeline', 'a8.net', 'aparkynsm@gmpg.org'),
(24, 'Lulu', 'imgur.com', 'lcavenn@wikispaces.com'),
(25, 'Floyd', 'google.com.au', 'fcrossono@dropbox.com'),
(26, 'Shell', 'dell.com', 'sseagravep@who.int'),
(27, 'Ade', 'netlog.com', 'ajackmanq@weibo.com'),
(28, 'Norrie', 'scientific.com', 'ncamockr@engadget.com'),
(29, 'Risa', 'ebay.uk', 'rpakenhams@ehow.com'),
(30, 'Carr', 'newyorker.com', 'ccrossert@toplist.cz');


-- Criação de tabela produto
CREATE TABLE produto (
	cod_produto int primary key,
	nome  varchar(30)  NOT NULL,
	preco real  NOT NULL,
	descricao varchar(30),
    cod_fabricante int,
	FOREIGN KEY (cod_fabricante) REFERENCES fabricante(cod_fabricante),
    CHECK (preco > 0)
);


-- Populando a tabela de produto
INSERT INTO produto (cod_produto, nome, descricao, preco, cod_fabricante) VALUES
(1, 'azeite', 'G', 55.50, 4),
(2, 'vinho', 'T', 120.00, 5),
(3, 'queijo parmesão', 'G', 75.00, 6),
(4, 'salame', 'P', 65.00, 7),
(5, 'chocolate', 'G', 58.00, 8),
(6, 'café', 'P', 72.00, 9),
(7, 'chá verde', 'G', 60.00, 1),
(8, 'farinha de trigo', 'P', 80.00, 3),
(9, 'leite condensado', 'P', 57.50, 2),
(10, 'biscoito', 'P', 76.00, 20),
(11, 'margarina', 'G', 92.00, 18),
(12, 'presunto', 'G', 85.00, 19),
(13, 'arroz integral', 'G', 70.00, 17),
(14, 'azeitona', 'M', 95.50, 15),
(15, 'feijão preto', 'G', 93.00, 16),
(16, 'queijo minas', 'G', 100.00, 14),
(17, 'suco de laranja', 'M', 78.00, 13),
(18, 'refrigerante', 'P', 55.00, 11),
(19, 'manteiga', 'G', 82.50, 12),
(20, 'iogurte', 'G', 94.00, 10),
(21, 'pão de forma', 'P', 86.50, 30),
(22, 'tomate', 'P', 54.50, 28),
(23, 'cenoura', 'P', 53.00, 29),
(24, 'filé de frango', 'G', 135.00, 26),
(25, 'abóbora', 'P', 52.00, 27),
(26, 'batata doce', 'P', 75.00, 24),
(27, 'cebola', 'P', 63.50, 23),
(28, 'queijo cheddar', 'G', 128.00, 25),
(29, 'chuchu', 'G', 59.00, 22),
(30, 'presunto defumado', 'M', 115.00, 21);


-- Criação de tabela compra
CREATE TABLE compra (
	cod_compra int primary key,
	dt_data date,
	hora time,
    coddcliente int,
    cod_funcionario int,
    FOREIGN KEY (coddcliente) REFERENCES cliente(coddcliente),
    FOREIGN KEY (cod_funcionario) REFERENCES funcionario(cod_funcionario)
);

-- Populando a tabela de compra
INSERT INTO compra (cod_compra, dt_data, hora, coddcliente, cod_funcionario) VALUES
(1, '2023-06-30', '09:43:00', 1, 1),
(2, '2023-01-24', '11:48:00', 29, 29),
(3, '2023-12-10', '04:07:00', 30, 30),
(4, '2023-01-17', '03:42:00', 8, 8),
(5, '2023-06-28', '11:42:00', 5, 5),
(6, '2023-07-23', '03:01:00', 20, 20),
(7, '2023-08-20', '02:25:00', 7, 7),
(8, '2023-12-24', '02:21:00', 6, 6),
(9, '2024-04-04', '11:30:00', 11, 11),
(10, '2023-04-17', '03:56:00', 3, 3),
(11, '2024-02-06', '01:27:00', 17, 17),
(12, '2023-08-04', '07:14:00', 9, 9),
(13, '2023-06-05', '04:55:00', 2, 2),
(14, '2023-06-07', '05:11:00', 26, 26),
(15, '2024-01-21', '01:51:00', 12, 12),
(16, '2023-01-15', '01:00:00', 19, 19),
(17, '2023-06-22', '02:16:00', 23, 23),
(18, '2023-06-19', '11:25:00', 14, 14),
(19, '2023-05-06', '02:36:00', 18, 18),
(20, '2024-01-18', '05:03:00', 22, 22),
(21, '2023-07-20', '05:11:00', 21, 21),
(22, '2023-03-08', '04:01:00', 15, 15),
(23, '2023-11-02', '08:08:00', 4, 4),
(24, '2023-09-06', '09:42:00', 13, 13),
(25, '2023-10-12', '08:59:00', 10, 10),
(26, '2023-01-25', '12:07:00', 25, 25),
(27, '2023-05-19', '04:58:00', 16, 16),
(28, '2024-04-11', '07:47:00', 27, 27),
(29, '2023-11-08', '04:29:00', 28, 28),
(30, '2023-12-10', '04:07:00', 30, 30),
(31, '2023-11-26', '10:38:00', 24, 24);

-- Criação de tabela possui
CREATE TABLE possui (
	cod_compra int,
	cod_produto int,
	valor_desconto real,
	qtd int,
    PRIMARY KEY (cod_compra, cod_produto),
	FOREIGN KEY (cod_produto) REFERENCES produto(cod_produto),
	FOREIGN KEY (cod_compra) REFERENCES compra(cod_compra)
);

-- Populando a tabela de possui
INSERT INTO possui (cod_compra, cod_produto, valor_desconto, qtd) VALUES
(1, 1, 5.50, 50),
(2, 2, 10.00, 20),
(3, 3, 7.50, 30),
(4, 4, 6.50, 40),
(5, 5, 8.00, 60),
(6, 6, 7.00, 25),
(7, 7, 5.00, 70),
(8, 8, 8.50, 80),
(9, 9, 7.50, 90),
(10, 10, 6.00, 100),
(11, 11, 4.00, 45),
(12, 12, 7.00, 35),
(13, 13, 7.50, 55),
(14, 14, 9.00, 65),
(15, 15, 8.50, 75),
(16, 16, 10.00, 85),
(17, 17, 5.50, 95),
(18, 18, 7.00, 20),
(19, 19, 8.00, 30),
(20, 20, 9.50, 40),
(21, 21, 6.50, 50),
(22, 22, 7.50, 60),
(23, 23, 8.00, 70),
(24, 24, 10.00, 80),
(25, 25, 5.00, 90),
(26, 26, 9.00, 100),
(27, 27, 7.00, 110),
(28, 28, 8.50, 120),
(29, 29, 9.50, 130),
(30, 30, 10.50, 140);

DESC Possui

DROP TABLE possui;
DROP TABLE compra;
DROP TABLE cliente;
DROP TABLE produto;
DROP TABLE fabricante;
DROP TABLE funcionario;


-- EX2

-- a) Recupere o nome, a cidade e o gênero dos clientes solteiros

SELECT estadocivil, nome, cidade, genero 
	FROM cliente
    WHERE estadocivil = 'solteiro';

-- b) Recupere, em ordem alfabética, o nome de todas as cidades que possuem clientes

SELECT DISTINCT cidade 
	FROM cliente 
    ORDER BY cidade asc;

-- c) Recupere o nome dos clientes que não realizaram compras de produtos de valores acima de 1000 Reais

-- Tabelas :cliente, compra, possui, produto
	
    update produto 
	set preco = 1100
	where cod_produto = 30;
    
	SELECT cl.nome AS nomecliente
		FROM cliente AS cl
		WHERE cl.coddcliente NOT IN ( SELECT co.coddcliente
										FROM compra AS co
										INNER JOIN possui AS po ON co.cod_compra = po.cod_compra
										INNER JOIN produto AS pr ON po.cod_produto = pr.cod_produto
										WHERE pr.preco > 1000);
		

-- d) Recupere o nome do cliente, o nome do funcionário e o site da marca do produto que ele comprou

	SELECT cl.nome AS nomeCliente, fu.nome AS nomeFunc, fa.site AS siteFabricante
		FROM cliente AS cl
		INNER JOIN compra AS co ON cl.coddcliente = co.coddcliente
		INNER JOIN funcionario AS fu ON co.cod_funcionario = fu.cod_funcionario
		INNER JOIN possui AS po ON co.cod_compra = po.cod_compra
		INNER JOIN produto AS pr ON po.cod_produto = pr.cod_produto
		INNER JOIN fabricante AS fa ON pr.cod_fabricante = fa.cod_fabricante
        ORDER BY cl.nome ASC;

-- e) Recupere o total de funcionários com idade maior que 60 anos, cujo estado civil seja Viúvo(a)

	update funcionario set dt_nascimento = '1960-10-10' where cod_funcionario = 4;
	update funcionario set dt_nascimento = '1959-09-10' where cod_funcionario = 11;
	update funcionario set dt_nascimento = '1950-10-10' where cod_funcionario = 8;
    
	SELECT COUNT(*) AS totalFuncionarios
		FROM funcionario
		WHERE TIMESTAMPDIFF(YEAR, dt_nascimento, CURDATE()) > 60 
		AND LOWER(estadocivil) = "viuvo";

-- f) Recupere as 5 compras mais baratas

	SELECT cl.nome AS nomeCliente, SUM(po.qtd*pr.preco) as valor
		FROM compra AS co
		INNER JOIN possui  AS po ON co.cod_compra = po.cod_compra
		INNER JOIN produto AS pr ON po.cod_produto = pr.cod_produto
		INNER JOIN cliente AS cl ON co.coddcliente = cl.coddcliente
		group by co.cod_compra
		order by valor asc
		limit 5;
        
-- g) Recupere quantidade total de vendas de produtos acima de 100 Reais

	SELECT pr.cod_produto, pr.preco, count(co.cod_compra) as qtdVendas
			FROM compra AS co, possui AS po, produto AS pr
			WHERE co.cod_compra = po.cod_compra AND pr.cod_produto = po.cod_produto AND pr.preco > 100
			GROUP BY cod_produto;

-- h) Recupere a lista de produtos, em ordem alfabética, que nunca foram vendidos	
	
    INSERT INTO produto (cod_produto, nome, descricao, preco, cod_fabricante) VALUES (32, 'sal', 'm', 100.00, 20);
    
	SELECT pr.nome AS nomeProduto
		FROM produto AS pr
		LEFT JOIN possui AS po ON pr.cod_produto = po.cod_produto
		WHERE po.cod_produto IS NULL
		ORDER BY pr.nome ASC;
        
-- i) Recupere a valor total de compras realizadas por cada fabricante

	SELECT fa.nome AS nomeFabricante, SUM(po.qtd * pr.preco) AS valorTotal
		FROM fabricante AS fa
        INNER JOIN produto AS pr ON fa.cod_fabricante = pr.cod_fabricante
        INNER JOIN possui  AS po ON pr.cod_produto    = po.cod_produto
        INNER JOIN compra  AS co ON po.cod_compra     = co.cod_compra
        GROUP BY fa.nome
        ORDER BY valorTotal DESC;


-- j) Recupere o valor total de compras que cada funcionário realizou

	SELECT  func.cod_funcionario, func.nome AS nomeFuncionario, sum(pr.preco * pos.qtd) AS valor
			FROM produto AS pr, compra AS comp, possui AS pos, funcionario AS func
			WHERE comp.cod_compra = pos.cod_compra AND pr.cod_produto = pos.cod_produto AND  
			GROUP BY func.cod_funcionario
			ORDER BY valor DESC;












